<?xml version="1.0" encoding="UTF-8"?>
<project-private xmlns="http://www.netbeans.org/ns/project-private/1">
    <editor-bookmarks xmlns="http://www.netbeans.org/ns/editor-bookmarks/2" lastBookmarkId="0"/>
    <open-files xmlns="http://www.netbeans.org/ns/projectui-open-files/2">
        <group>
            <file>file:/C:/Users/CHINH.LT198209/OneDrive%20-%20Hanoi%20University%20of%20Science%20and%20Technology/Documents/NetBeansProjects/Excercise6/src/excercise6/Baitap2.java</file>
            <file>file:/C:/Users/CHINH.LT198209/OneDrive%20-%20Hanoi%20University%20of%20Science%20and%20Technology/Documents/NetBeansProjects/Excercise6/src/excercise6/Baitap1.java</file>
        </group>
    </open-files>
</project-private>
